<?xml version="1.0" encoding="UTF-8"?>
<project xmlns="http://maven.apache.org/POM/4.0.0" xmlns:xsi="http://www.w3.org/2001/XMLSchema-instance" xsi:schemaLocation="http://maven.apache.org/POM/4.0.0 http://maven.apache.org/maven-v4_0_0.xsd">
  <modelVersion>4.0.0</modelVersion>
  <groupId>br.com.fr</groupId>
  <artifactId>java-library</artifactId>
  <name>java-library</name>
  <version>1.0.0</version>
  <description>Java Commons Library</description>
  <build>
    <plugins>
      <plugin>
        <artifactId>maven-shade-plugin</artifactId>
        <version>2.4.3</version>
        <executions>
          <execution>
            <phase>package</phase>
            <goals>
              <goal>shade</goal>
            </goals>
          </execution>
        </executions>
        <configuration>
          <filters>
            <filter>
              <artifact>*:*</artifact>
              <excludes>
                <exclude>META-INF/*.SF</exclude>
                <exclude>META-INF/*.DSA</exclude>
                <exclude>META-INF/*.RSA</exclude>
              </excludes>
            </filter>
          </filters>
        </configuration>
      </plugin>
      <plugin>
        <artifactId>maven-dependency-plugin</artifactId>
        <version>2.6</version>
        <executions>
          <execution>
            <id>unpack-dependencies</id>
            <phase>package</phase>
            <goals>
              <goal>unpack-dependencies</goal>
            </goals>
            <configuration>
              <excludes>META-INF/*.SF,META-INF/*.DSA,META-INF/*.RSA</excludes>
              <excludeScope>system</excludeScope>
              <excludeGroupIds>junit,org.mockito,org.hamcrest</excludeGroupIds>
              <outputDirectory>${project.build.directory}/classes</outputDirectory>
            </configuration>
          </execution>
        </executions>
      </plugin>
      <plugin>
        <groupId>org.codehaus.mojo</groupId>
        <artifactId>exec-maven-plugin</artifactId>
        <version>1.2.1</version>
        <executions>
          <execution>
            <id>unpack-dependencies</id>
            <phase>package</phase>
            <goals>
              <goal>exec</goal>
            </goals>
            <configuration>
              <executable>${java.home}/../bin/javafxpackager</executable>
              <excludes>META-INF/*.SF,META-INF/*.DSA,META-INF/*.RSA</excludes>
              <arguments>
                <argument>-createjar</argument>
                <argument>-nocss2bin</argument>
                <argument>-appclass</argument>
                <argument>${mainClass}</argument>
                <argument>-srcdir</argument>
                <argument>${project.build.directory}/classes</argument>
                <argument>-outdir</argument>
                <argument>${project.build.directory}</argument>
                <argument>-outfile</argument>
                <argument>${project.build.finalName}.jar</argument>
              </arguments>
            </configuration>
          </execution>
          <execution>
            <id>default-cli</id>
            <goals>
              <goal>exec</goal>
            </goals>
            <configuration>
              <excludes>META-INF/*.SF,META-INF/*.DSA,META-INF/*.RSA</excludes>
              <executable>${java.home}/bin/java</executable>
              <commandlineArgs>${runfx.args}</commandlineArgs>
            </configuration>
          </execution>
        </executions>
      </plugin>
      <plugin>
        <artifactId>maven-compiler-plugin</artifactId>
        <version>3.1</version>
        <configuration>
          <source>1.8</source>
          <target>1.8</target>
          <compilerArguments>
            <bootclasspath>${sun.boot.class.path}${path.separator}${java.home}/lib/jfxrt.jar</bootclasspath>
          </compilerArguments>
        </configuration>
      </plugin>
      <plugin>
        <artifactId>maven-surefire-plugin</artifactId>
        <version>2.16</version>
        <configuration>
          <additionalClasspathElements>
            <additionalClasspathElement>${java.home}/lib/jfxrt.jar</additionalClasspathElement>
          </additionalClasspathElements>
        </configuration>
      </plugin>
    </plugins>
  </build>
  <repositories>
    <repository>
      <id>in-project</id>
      <name>In Project Repo</name>
      <url>file://${project.basedir}/lib</url>
    </repository>
  </repositories>
  <dependencies>
    <dependency>
      <groupId>org.apache.commons</groupId>
      <artifactId>commons-io</artifactId>
      <version>1.3.2</version>
      <scope>compile</scope>
    </dependency>
  </dependencies>
  <properties>
    <mainClass>br.com.fr.commons.FxUtils</mainClass>
    <maven.compiler.source>1.8</maven.compiler.source>
    <project.build.sourceEncoding>UTF-8</project.build.sourceEncoding>
    <maven.compiler.target>1.8</maven.compiler.target>
  </properties>
</project>

