<?xml version="1.0" encoding="UTF-8"?>
<!DOCTYPE log4j:configuration SYSTEM "log4j.dtd">
 
<log4j:configuration xmlns:log4j="http://jakarta.apache.org/log4j/" debug="false">
 
   <appender name="console" class="org.apache.log4j.ConsoleAppender">
      <param name="Threshold" value="DEBUG" />   
      <layout class="org.apache.log4j.PatternLayout">
         <param name="ConversionPattern" value="%d %-5p  [%c{1}] %m %n" />
      </layout>
   </appender>
 
   <appender name="rolling-file" class="org.apache.log4j.RollingFileAppender">
      <param name="Threshold" value="DEBUG" />
      <param name="File" value="commons.log"/>
      <layout class="org.apache.log4j.PatternLayout">
         <param name="ConversionPattern" value="%d %-5p  [%c{1}] %m %n" />
      </layout>
   </appender>
   
    <appender name="daily-rolling" class="org.apache.log4j.DailyRollingFileAppender">
        <param name="Threshold" value="DEBUG"/>
        <param name="File" value="commons.log" />
        <param name="DatePattern" value="'.'yyyy-MM-dd'.log'"/>
        <param name="Append" value="true"/>
        
        <layout class="org.apache.log4j.PatternLayout">
            <param name="ConversionPattern" value="%d - %p - %C{1} - %m%n"/>
        </layout>
    </appender>
 
    <logger name="org.hibernate">
        <level value="INFO" />
        <appender-ref ref="daily-rolling" />
    </logger>
    
    <logger name="br.com.fr">
        <level value="INFO" />
        <appender-ref ref="console" />
    </logger>

    <root>
        <priority value ="INFO" />
        <appender-ref ref="daily-rolling" />
        <appender-ref ref="console" />
    </root>
 
</log4j:configuration>
